{
  "sm_89": {
    "baseline_kernel_overhead_ns": 4832.000005990267,
    "Mem_LD_coal_ns": 50.80063819885254,
    "Mem_LD_uncoal_ns": 50.780158042907715,
    "Mem_LD_partial_ns": 50.79039812088013,
    "issue_cycles": 142.17462432861328,
    "Departure_del_coal_s": 1.2700159549713135e-08,
    "Departure_del_uncoal_s": 2.539007902145386e-08,
    "Mem_LD_shared_ns": 3.0965120792388916,
    "coalesced_bytes": 128,
    "idle_power": 47.87331666666667,
    "max_power_fp": 10.92693333333333,
    "max_power_int": 5.463466666666665,
    "max_power_sfu": 3.278079999999999,
    "max_power_reg": 4.370773333333332,
    "max_power_mem": 21.928201851851853,
    "const_sm_power": 5.463466666666665,
    "power_log_alpha": 0.1,
    "power_log_beta": 1.1
  }
}