{
  "sm_89": {
    "baseline_kernel_overhead_ns": 9875.200036913157,
    "Mem_LD_coal_ns": 50.78390312194824,
    "Mem_LD_uncoal_ns": 50.79961585998535,
    "Mem_LD_partial_ns": 50.78444814682007,
    "partial_coalesce_slope": 3.083944466197863e-05,
    "partial_coalesce_intercept": 50.775997161865234,
    "Mem_LD_shared_ns": 3.103708791732788,
    "Mem_LD_local_ns": 1.9271456003189087,
    "issue_cycles": 142.18621014404295,
    "Departure_del_coal_s": 3.1739939451217653e-09,
    "Departure_del_uncoal_s": 6.3499519824981695e-09,
    "effective_mem_bw_gbps": 238.29578778111758,
    "idle_power": 35.8677,
    "max_power_mem": 0.0,
    "max_power_fp": 0.0,
    "max_power_int": 10.0,
    "max_power_sfu": 5.0,
    "max_power_alu": 5.0,
    "max_power_fds": 5.0,
    "max_power_reg": 5.0,
    "max_power_shm": 1.0,
    "const_sm_power": 1.0,
    "power_log_alpha": 0.1,
    "power_log_beta": 1.1,
    "max_power_total": 300.0,
    "shape_occupancy_factor": 0.2
  }
}