{
  "sm_89": {
    "baseline_kernel_overhead_ns": 9791.999869048595,
    "Mem_LD_coal_ns": 50.803359031677246,
    "Mem_LD_uncoal_ns": 50.78678321838379,
    "Mem_LD_partial_ns": 50.78379201889038,
    "partial_coalesce_slope": 3.758720822588657e-06,
    "partial_coalesce_intercept": 50.781795501708984,
    "Mem_LD_shared_ns": 3.101961612701416,
    "Mem_LD_local_ns": 1.9256288051605224,
    "issue_cycles": 2.221297233581543,
    "Departure_del_coal_s": 3.1752099394798283e-09,
    "Departure_del_uncoal_s": 6.348347902297974e-09,
    "effective_mem_bw_gbps": 239.56540634540406,
    "idle_power": 54.134910000000005,
    "max_power_mem": 0.0,
    "max_power_fp": 0.0,
    "max_power_int": 2.0,
    "max_power_sfu": 2.0,
    "max_power_alu": 1.0,
    "max_power_fds": 1.0,
    "max_power_reg": 1.0,
    "max_power_shm": 1.0,
    "const_sm_power": 0.25,
    "power_log_alpha": -0.00836140063410885,
    "power_log_beta": 1387714.5401483618,
    "short_kernel_scale": 0.8333333333333334,
    "max_power_total": 200.0,
    "shape_occupancy_factor": 0.2
  }
}