{
  "sm_89": {
    "baseline_kernel_overhead_ns": 9523.199871182442,
    "Mem_LD_coal_ns": 50.78460693359375,
    "Mem_LD_uncoal_ns": 50.78694248199463,
    "Mem_LD_partial_ns": 50.78315210342407,
    "partial_coalesce_slope": -1.828048516472336e-05,
    "partial_coalesce_intercept": 50.79014587402344,
    "Mem_LD_shared_ns": 3.101798391342163,
    "Mem_LD_local_ns": 1.9270559787750243,
    "issue_cycles": 2.2217966423034667,
    "Departure_del_coal_s": 3.1740379333496096e-09,
    "Departure_del_uncoal_s": 6.348367810249329e-09,
    "effective_mem_bw_gbps": 239.721743636976,
    "idle_power": 54.67006,
    "max_power_mem": 0.0,
    "max_power_fp": 0.0,
    "max_power_int": 2.0,
    "max_power_sfu": 2.0,
    "max_power_alu": 1.0,
    "max_power_fds": 1.0,
    "max_power_reg": 1.0,
    "max_power_shm": 1.0,
    "const_sm_power": 0.25,
    "power_log_alpha": 0.010119161531161188,
    "power_log_beta": 1666824.844588605,
    "short_kernel_scale": 0.8333333333333334,
    "max_power_total": 200.0,
    "shape_occupancy_factor": 0.2
  }
}