{
  "sm_89": {
    "baseline_kernel_overhead_ns": 9705.59986308217,
    "Mem_LD_coal_ns": 50.78371238708496,
    "Mem_LD_uncoal_ns": 50.781920433044434,
    "Mem_LD_partial_ns": 50.778560638427734,
    "partial_coalesce_slope": -2.656812284840271e-05,
    "partial_coalesce_intercept": 50.793025970458984,
    "Mem_LD_shared_ns": 3.1028191566467287,
    "Mem_LD_local_ns": 1.92532160282135,
    "issue_cycles": 2.221487357139588,
    "Departure_del_coal_s": 3.1739820241928103e-09,
    "Departure_del_uncoal_s": 6.347740054130554e-09,
    "effective_mem_bw_gbps": 239.85634174540922,
    "idle_power": 54.22729999999999,
    "max_power_mem": 0.0,
    "max_power_fp": 0.0,
    "max_power_int": 2.0,
    "max_power_sfu": 2.0,
    "max_power_alu": 1.0,
    "max_power_fds": 1.0,
    "max_power_reg": 1.0,
    "max_power_shm": 1.0,
    "const_sm_power": 0.25,
    "power_log_alpha": -0.004140902858768946,
    "power_log_beta": 985145.1861765776,
    "short_kernel_scale": 0.8333333333333334,
    "max_power_total": 200.0,
    "shape_occupancy_factor": 0.2
  }
}