{
  "sm_89": {
    "baseline_kernel_overhead_ns": 9926.400054246187,
    "Mem_LD_coal_ns": 50.78377628326416,
    "Mem_LD_uncoal_ns": 50.78383922576904,
    "Mem_LD_partial_ns": 50.7806077003479,
    "partial_coalesce_slope": 8.057510967773851e-06,
    "partial_coalesce_intercept": 50.77766799926758,
    "Mem_LD_shared_ns": 3.0989312171936034,
    "Mem_LD_local_ns": 1.9237855911254882,
    "issue_cycles": 2.221478407859802,
    "Departure_del_coal_s": 3.1739860177040103e-09,
    "Departure_del_uncoal_s": 6.347979903221131e-09,
    "effective_mem_bw_gbps": 237.5948156063676,
    "idle_power": 56.12579999999999,
    "max_power_mem": 0.0,
    "max_power_fp": 0.0,
    "max_power_int": 5.0,
    "max_power_sfu": 2.0,
    "max_power_alu": 2.0,
    "max_power_fds": 2.0,
    "max_power_reg": 2.0,
    "max_power_shm": 1.0,
    "const_sm_power": 1.0,
    "power_log_alpha": 0.1,
    "power_log_beta": 1.1,
    "max_power_total": 300.0,
    "shape_occupancy_factor": 0.2
  }
}