{
  "sm_89": {
    "baseline_kernel_overhead_ns": 5433.5999535396695,
    "Mem_LD_coal_ns": 49.56745624542236,
    "Mem_LD_uncoal_ns": 49.56227207183838,
    "Mem_LD_partial_ns": 49.568416118621826,
    "partial_coalesce_slope": -7.298200216609985e-05,
    "partial_coalesce_intercept": 49.60902786254883,
    "Mem_LD_shared_ns": 3.0254016399383543,
    "Mem_LD_local_ns": 1.873417592048645,
    "issue_cycles": 2.220009185028076,
    "Departure_del_coal_s": 3.097966015338898e-09,
    "Departure_del_uncoal_s": 6.195284008979798e-09,
    "effective_mem_bw_gbps": 311.20778451749277,
    "idle_power": 25.1866,
    "max_power_mem": 0.0,
    "max_power_fp": 0.0,
    "max_power_int": 0.0,
    "max_power_sfu": 0.0,
    "max_power_alu": 0.0,
    "max_power_fds": 0.0,
    "max_power_reg": 0.0,
    "max_power_shm": 0.0,
    "const_sm_power": 0.25,
    "power_alpha": 39.88312381662732,
    "power_beta": 0.21228215749257964,
    "short_kernel_scale": 0.8333333333333334,
    "max_power_total": 200.0,
    "shape_occupancy_factor": 0.1,
    "sm_values": [
      1.0,
      2.0,
      4.0,
      8.0,
      16.0,
      32.0,
      64.0,
      80.0
    ],
    "power_deltas": [
      41.7938232421875,
      44.5963134765625,
      49.73918151855469,
      60.977813720703125,
      75.45333099365234,
      87.5101547241211,
      94.2526626586914,
      99.72493743896484
    ]
  }
}