{
  "sm_89": {
    "baseline_kernel_overhead_ns": 5203.199898824096,
    "Mem_LD_coal_ns": 49.58412837982178,
    "Mem_LD_uncoal_ns": 49.56873607635498,
    "Mem_LD_partial_ns": 49.57452869415283,
    "partial_coalesce_slope": 1.9566909031709656e-05,
    "partial_coalesce_intercept": 49.56670379638672,
    "Mem_LD_shared_ns": 3.0234400272369384,
    "Mem_LD_local_ns": 1.8721791744232177,
    "issue_cycles": 2.2202622259140012,
    "Departure_del_coal_s": 3.0990080237388612e-09,
    "Departure_del_uncoal_s": 6.196092009544373e-09,
    "effective_mem_bw_gbps": 310.57893511802786,
    "idle_power": 27.198059999999998,
    "max_power_mem": 0.0,
    "max_power_fp": 0.0,
    "max_power_int": 0.0,
    "max_power_sfu": 0.0,
    "max_power_alu": 0.0,
    "max_power_fds": 0.0,
    "max_power_reg": 0.0,
    "max_power_shm": 0.0,
    "const_sm_power": 0.25,
    "power_alpha": 38.773600655337894,
    "power_beta": 0.21583931571327655,
    "short_kernel_scale": 0.8333333333333334,
    "max_power_total": 200.0,
    "shape_occupancy_factor": 0.1,
    "sm_values": [
      1.0,
      2.0,
      4.0,
      8.0,
      16.0,
      32.0,
      64.0,
      80.0
    ],
    "power_deltas": [
      40.66424560546875,
      43.59574508666992,
      47.98794937133789,
      59.761962890625,
      73.76851654052734,
      87.30667114257812,
      93.1734390258789,
      97.7816390991211
    ]
  }
}